ID,Language_ID,Parameter_ID,Contribution_ID,Value,Source,Comment
SWAHILI-20-1,http://asjp.clld.org/languages/SWAHILI,20,SWAHILI,dege,,
ZULU-20-1,http://asjp.clld.org/languages/ZULU,20,ZULU,5oni,,
BENG-20-1,http://asjp.clld.org/languages/BENG,20,BENG,sieN,,
BAMBARA-20-1,http://asjp.clld.org/languages/BAMBARA,20,BAMBARA,kono,,
TURKANA-20-1,http://asjp.clld.org/languages/TURKANA,20,TURKANA,keny,,
KANURI-20-1,http://asjp.clld.org/languages/KANURI,20,KANURI,Nudo,,
SOMALI-20-1,http://asjp.clld.org/languages/SOMALI,20,SOMALI,Simbir,,
W_OROMO-20-1,http://asjp.clld.org/languages/W_OROMO,20,W_OROMO,simbira,,
W_OROMO-20-2,http://asjp.clld.org/languages/W_OROMO,20,W_OROMO,"C""iri",,
MOCHA-20-1,http://asjp.clld.org/languages/MOCHA,20,MOCHA,"kop""o",,
AMHARIC-20-1,http://asjp.clld.org/languages/AMHARIC,20,AMHARIC,w3f,,
TIGRE-20-1,http://asjp.clld.org/languages/TIGRE,20,TIGRE,sarerat,,
TIGRE-20-2,http://asjp.clld.org/languages/TIGRE,20,TIGRE,"t""erat",,
IRAQW-20-1,http://asjp.clld.org/languages/IRAQW,20,IRAQW,"t""ir7i",,
HAUSA-20-1,http://asjp.clld.org/languages/HAUSA,20,HAUSA,"s""uns""u",,
NGIZIM-20-1,http://asjp.clld.org/languages/NGIZIM,20,NGIZIM,"d""uta",,
BASQUE-20-1,http://asjp.clld.org/languages/BASQUE,20,BASQUE,Cori,,
LATVIAN-20-1,http://asjp.clld.org/languages/LATVIAN,20,LATVIAN,putns,,
LITHUANIAN-20-1,http://asjp.clld.org/languages/LITHUANIAN,20,LITHUANIAN,paukStis,,
ENGLISH-20-1,http://asjp.clld.org/languages/ENGLISH,20,ENGLISH,b3rd,,
HINDI-20-1,http://asjp.clld.org/languages/HINDI,20,HINDI,pakSi,,
HINDI-20-2,http://asjp.clld.org/languages/HINDI,20,HINDI,parinda,,
NEPALI-20-1,http://asjp.clld.org/languages/NEPALI,20,NEPALI,Cara,,
NEPALI-20-2,http://asjp.clld.org/languages/NEPALI,20,NEPALI,pansi,,
PERSIAN-20-1,http://asjp.clld.org/languages/PERSIAN,20,PERSIAN,parande,,
FRENCH-20-1,http://asjp.clld.org/languages/FRENCH,20,FRENCH,wazo,,
SPANISH-20-1,http://asjp.clld.org/languages/SPANISH,20,SPANISH,ave,,
SPANISH-20-2,http://asjp.clld.org/languages/SPANISH,20,SPANISH,paharo,,
RUSSIAN-20-1,http://asjp.clld.org/languages/RUSSIAN,20,RUSSIAN,pty~ic3,,
SERBOCROATIAN-20-1,http://asjp.clld.org/languages/SERBOCROATIAN,20,SERBOCROATIAN,ptica,,
ESTONIAN-20-1,http://asjp.clld.org/languages/ESTONIAN,20,ESTONIAN,lind,,
FINNISH-20-1,http://asjp.clld.org/languages/FINNISH,20,FINNISH,lintu,,
HUNGARIAN-20-1,http://asjp.clld.org/languages/HUNGARIAN,20,HUNGARIAN,madar,,
EWENKI_1-20-1,http://asjp.clld.org/languages/EWENKI_1,20,EWENKI_1,d3gi,,
TURKISH-20-1,http://asjp.clld.org/languages/TURKISH,20,TURKISH,kuS,,
ALUTOR-20-1,http://asjp.clld.org/languages/ALUTOR,20,ALUTOR,xalli,,
ALUTOR-20-2,http://asjp.clld.org/languages/ALUTOR,20,ALUTOR,p3siqq3,,
CHUKCHEE-20-1,http://asjp.clld.org/languages/CHUKCHEE,20,CHUKCHEE,xaLLe,,
KORYAK-20-1,http://asjp.clld.org/languages/KORYAK,20,KORYAK,p3Ciq,,
N_ITELMEN-20-1,http://asjp.clld.org/languages/N_ITELMEN,20,N_ITELMEN,uny~3ny~aCX,,
JAPANESE-20-1,http://asjp.clld.org/languages/JAPANESE,20,JAPANESE,tori,,
KOREAN-20-1,http://asjp.clld.org/languages/KOREAN,20,KOREAN,sE,,
TELUGU-20-1,http://asjp.clld.org/languages/TELUGU,20,TELUGU,paksi,,
KANNADA-20-1,http://asjp.clld.org/languages/KANNADA,20,KANNADA,hakki,,
TAMIL-20-1,http://asjp.clld.org/languages/TAMIL,20,TAMIL,paravai,,
LAHU-20-1,http://asjp.clld.org/languages/LAHU,20,LAHU,Na,,
CANTONESE-20-1,http://asjp.clld.org/languages/CANTONESE,20,CANTONESE,jeuk jain,,
MANDARIN-20-1,http://asjp.clld.org/languages/MANDARIN,20,MANDARIN,neau,,
TARAON-20-1,http://asjp.clld.org/languages/TARAON,20,TARAON,pya,,
NUNG-20-1,http://asjp.clld.org/languages/NUNG,20,NUNG,nok,,
SEMAI-20-1,http://asjp.clld.org/languages/SEMAI,20,SEMAI,CEpm~,,
BAHNAR-20-1,http://asjp.clld.org/languages/BAHNAR,20,BAHNAR,s3m,,
CHRAU-20-1,http://asjp.clld.org/languages/CHRAU,20,CHRAU,sum,,
JEH-20-1,http://asjp.clld.org/languages/JEH,20,JEH,Cim,,
SEDANG-20-1,http://asjp.clld.org/languages/SEDANG,20,SEDANG,Cem,,
KUI_THAILAND-20-1,http://asjp.clld.org/languages/KUI_THAILAND,20,KUI_THAILAND,CEml,,
KHASI-20-1,http://asjp.clld.org/languages/KHASI,20,KHASI,sim,,
KHMER-20-1,http://asjp.clld.org/languages/KHMER,20,KHMER,sat slap,,
MON-20-1,http://asjp.clld.org/languages/MON,20,MON,gaCem,,
NYAKUR-20-1,http://asjp.clld.org/languages/NYAKUR,20,NYAKUR,5Ci3m,,
MUNDARI-20-1,http://asjp.clld.org/languages/MUNDARI,20,MUNDARI,Cene,,
DEANG-20-1,http://asjp.clld.org/languages/DEANG,20,DEANG,siN,,
KHMU-20-1,http://asjp.clld.org/languages/KHMU,20,KHMU,sim,,
KSINMUL-20-1,http://asjp.clld.org/languages/KSINMUL,20,KSINMUL,Cem,,
WA-20-1,http://asjp.clld.org/languages/WA,20,WA,sim,,
RUC-20-1,http://asjp.clld.org/languages/RUC,20,RUC,iCim,,
VIETNAMESE-20-1,http://asjp.clld.org/languages/VIETNAMESE,20,VIETNAMESE,tim,,
SEDIQ-20-1,http://asjp.clld.org/languages/SEDIQ,20,SEDIQ,3b3x3ni7,,
SEDIQ-20-2,http://asjp.clld.org/languages/SEDIQ,20,SEDIQ,bahani,,
BALI-20-1,http://asjp.clld.org/languages/BALI,20,BALI,kedis,,
BALI-20-2,http://asjp.clld.org/languages/BALI,20,BALI,k3dis,,
GAURA_NGGAURA-20-1,http://asjp.clld.org/languages/GAURA_NGGAURA,20,GAURA_NGGAURA,kawurNu,,
SIKA-20-1,http://asjp.clld.org/languages/SIKA,20,SIKA,kena horoN,,
SOBOYO-20-1,http://asjp.clld.org/languages/SOBOYO,20,SOBOYO,manu7,,
YAMDENA-20-1,http://asjp.clld.org/languages/YAMDENA,20,YAMDENA,manik,,
CHAMORRO-20-1,http://asjp.clld.org/languages/CHAMORRO,20,CHAMORRO,paharu,,
CHAM_EASTERN-20-1,http://asjp.clld.org/languages/CHAM_EASTERN,20,CHAM_EASTERN,m3nuk,,
INDONESIAN-20-1,http://asjp.clld.org/languages/INDONESIAN,20,INDONESIAN,buruN,,
HANUNOO-20-1,http://asjp.clld.org/languages/HANUNOO,20,HANUNOO,manuk,,
TAGALOG-20-1,http://asjp.clld.org/languages/TAGALOG,20,TAGALOG,ibon,,
IMOROD-20-1,http://asjp.clld.org/languages/IMOROD,20,IMOROD,miasasalap,,
KAPAMPANGAN-20-1,http://asjp.clld.org/languages/KAPAMPANGAN,20,KAPAMPANGAN,ayup,,
BANONI-20-1,http://asjp.clld.org/languages/BANONI,20,BANONI,manuxu,,
CAROLINIAN-20-1,http://asjp.clld.org/languages/CAROLINIAN,20,CAROLINIAN,mal,,
FIJIAN-20-1,http://asjp.clld.org/languages/FIJIAN,20,FIJIAN,manu,,
FIJIAN_2-20-1,http://asjp.clld.org/languages/FIJIAN_2,20,FIJIAN_2,manumanu,,
FUTUNA_EAST-20-1,http://asjp.clld.org/languages/FUTUNA_EAST,20,FUTUNA_EAST,miti,,
GAPAPAIWA-20-1,http://asjp.clld.org/languages/GAPAPAIWA,20,GAPAPAIWA,kiu,,
HAWAIIAN-20-1,http://asjp.clld.org/languages/HAWAIIAN,20,HAWAIIAN,manu,,
HAWAIIAN_3-20-1,http://asjp.clld.org/languages/HAWAIIAN_3,20,HAWAIIAN_3,manu,,
KAIRIRU-20-1,http://asjp.clld.org/languages/KAIRIRU,20,KAIRIRU,myan,,
KAPINGAMARANGI-20-1,http://asjp.clld.org/languages/KAPINGAMARANGI,20,KAPINGAMARANGI,manu,,
KAULONG-20-1,http://asjp.clld.org/languages/KAULONG,20,KAULONG,Emon,,
KILIVILA-20-1,http://asjp.clld.org/languages/KILIVILA,20,KILIVILA,mauna,,
KOKOTA-20-1,http://asjp.clld.org/languages/KOKOTA,20,KOKOTA,memeha,,
KUSAIE-20-1,http://asjp.clld.org/languages/KUSAIE,20,KUSAIE,t3ram,,
KUSAIE-20-2,http://asjp.clld.org/languages/KUSAIE,20,KUSAIE,won,,
LOU-20-1,http://asjp.clld.org/languages/LOU,20,LOU,monmon,,
MAORI-20-1,http://asjp.clld.org/languages/MAORI,20,MAORI,manu,,
MARQUESAN_NUKUHIVA-20-1,http://asjp.clld.org/languages/MARQUESAN_NUKUHIVA,20,MARQUESAN_NUKUHIVA,manu,,
NALIK-20-1,http://asjp.clld.org/languages/NALIK,20,NALIK,mani,,
NUKUORO-20-1,http://asjp.clld.org/languages/NUKUORO,20,NUKUORO,manulele,,
PILENI-20-1,http://asjp.clld.org/languages/PILENI,20,PILENI,manu,,
RAROTONGAN_2-20-1,http://asjp.clld.org/languages/RAROTONGAN_2,20,RAROTONGAN_2,manu,,
RENNELLESE-20-1,http://asjp.clld.org/languages/RENNELLESE,20,RENNELLESE,manugege,,
ROTUMAN_2-20-1,http://asjp.clld.org/languages/ROTUMAN_2,20,ROTUMAN_2,manman,,
ROTUMAN_2-20-2,http://asjp.clld.org/languages/ROTUMAN_2,20,ROTUMAN_2,ferefere,,
ROVIANA-20-1,http://asjp.clld.org/languages/ROVIANA,20,ROVIANA,kurukuru,,
ROVIANA-20-2,http://asjp.clld.org/languages/ROVIANA,20,ROVIANA,tapuru,,
SAMOAN-20-1,http://asjp.clld.org/languages/SAMOAN,20,SAMOAN,manu,,
SAMOAN-20-2,http://asjp.clld.org/languages/SAMOAN,20,SAMOAN,manulele,,
SAMOAN_2-20-1,http://asjp.clld.org/languages/SAMOAN_2,20,SAMOAN_2,manulele,,
SIAR-20-1,http://asjp.clld.org/languages/SIAR,20,SIAR,mani,,
SISIQA-20-1,http://asjp.clld.org/languages/SISIQA,20,SISIQA,roroko,,
SUDEST-20-1,http://asjp.clld.org/languages/SUDEST,20,SUDEST,ma,,
TAHITIAN_2-20-1,http://asjp.clld.org/languages/TAHITIAN_2,20,TAHITIAN_2,manu,,
TAIOF-20-1,http://asjp.clld.org/languages/TAIOF,20,TAIOF,marei,,
TAKIA-20-1,http://asjp.clld.org/languages/TAKIA,20,TAKIA,aNkanak,,
TAKUU_MORTLOCK-20-1,http://asjp.clld.org/languages/TAKUU_MORTLOCK,20,TAKUU_MORTLOCK,manu,,
TONGAN_2-20-1,http://asjp.clld.org/languages/TONGAN_2,20,TONGAN_2,manupuna,,
TUNGAK-20-1,http://asjp.clld.org/languages/TUNGAK,20,TUNGAK,mani,,
TUNGAK-20-2,http://asjp.clld.org/languages/TUNGAK,20,TUNGAK,manu,,
VITU-20-1,http://asjp.clld.org/languages/VITU,20,VITU,manu,,
WALLISIAN_EAST_UVEAN-20-1,http://asjp.clld.org/languages/WALLISIAN_EAST_UVEAN,20,WALLISIAN_EAST_UVEAN,misi,,
YABEM-20-1,http://asjp.clld.org/languages/YABEM,20,YABEM,mo7,,
C_AMIS-20-1,http://asjp.clld.org/languages/C_AMIS,20,C_AMIS,tupi,,
C_AMIS-20-2,http://asjp.clld.org/languages/C_AMIS,20,C_AMIS,ayam,,
FAVORLANG-20-1,http://asjp.clld.org/languages/FAVORLANG,20,FAVORLANG,mampa,,
BULI-20-1,http://asjp.clld.org/languages/BULI,20,BULI,mani,,
GIMAN-20-1,http://asjp.clld.org/languages/GIMAN,20,GIMAN,manik,,
SUNDANESE-20-1,http://asjp.clld.org/languages/SUNDANESE,20,SUNDANESE,manuk,,
YAPESE-20-1,http://asjp.clld.org/languages/YAPESE,20,YAPESE,arC37,,
NASIOI-20-1,http://asjp.clld.org/languages/NASIOI,20,NASIOI,baden,,
TOARIPI-20-1,http://asjp.clld.org/languages/TOARIPI,20,TOARIPI,ori,,
AUYANA-20-1,http://asjp.clld.org/languages/AUYANA,20,AUYANA,numama,,
AWA-20-1,http://asjp.clld.org/languages/AWA,20,AWA,nuwo,,
GADSUP-20-1,http://asjp.clld.org/languages/GADSUP,20,GADSUP,numi,,
N_TAIRORA-20-1,http://asjp.clld.org/languages/N_TAIRORA,20,N_TAIRORA,antau,,
YAGARIA-20-1,http://asjp.clld.org/languages/YAGARIA,20,YAGARIA,dama,,
YAGARIA-20-2,http://asjp.clld.org/languages/YAGARIA,20,YAGARIA,nama,,
KEWA-20-1,http://asjp.clld.org/languages/KEWA,20,KEWA,ya,,
BURUM-20-1,http://asjp.clld.org/languages/BURUM,20,BURUM,nei,,
DEDUA-20-1,http://asjp.clld.org/languages/DEDUA,20,DEDUA,neN,,
HUBE-20-1,http://asjp.clld.org/languages/HUBE,20,HUBE,nei,,
KATE-20-1,http://asjp.clld.org/languages/KATE,20,KATE,wipe,,
KOMBA-20-1,http://asjp.clld.org/languages/KOMBA,20,KOMBA,ni,,
KOSORONG-20-1,http://asjp.clld.org/languages/KOSORONG,20,KOSORONG,koN,,
MAPE_2-20-1,http://asjp.clld.org/languages/MAPE_2,20,MAPE_2,woro,,
MINDIK-20-1,http://asjp.clld.org/languages/MINDIK,20,MINDIK,nei,,
MOMOLILI-20-1,http://asjp.clld.org/languages/MOMOLILI,20,MOMOLILI,lau,,
NABAK-20-1,http://asjp.clld.org/languages/NABAK,20,NABAK,aga,,
ONO-20-1,http://asjp.clld.org/languages/ONO,20,ONO,naNi,,
SELEPET-20-1,http://asjp.clld.org/languages/SELEPET,20,SELEPET,noi,,
TIMBE-20-1,http://asjp.clld.org/languages/TIMBE,20,TIMBE,laut,,
TOBO-20-1,http://asjp.clld.org/languages/TOBO,20,TOBO,ni,,
YAREBA-20-1,http://asjp.clld.org/languages/YAREBA,20,YAREBA,gasira,,
NUNGGUBUYU-20-1,http://asjp.clld.org/languages/NUNGGUBUYU,20,NUNGGUBUYU,Nurudu,,
WIK_MUNGKAN-20-1,http://asjp.clld.org/languages/WIK_MUNGKAN,20,WIK_MUNGKAN,panC,,
TIWI-20-1,http://asjp.clld.org/languages/TIWI,20,TIWI,tokwampini,,
C_YUPIK-20-1,http://asjp.clld.org/languages/C_YUPIK,20,C_YUPIK,yaqul3k,,
C_CARRIER-20-1,http://asjp.clld.org/languages/C_CARRIER,20,C_CARRIER,"dut""ai",,
NAVAJO-20-1,http://asjp.clld.org/languages/NAVAJO,20,NAVAJO,cidi,,
BLACKFOOT-20-1,http://asjp.clld.org/languages/BLACKFOOT,20,BLACKFOOT,piksi,,
WIYOT-20-1,http://asjp.clld.org/languages/WIYOT,20,WIYOT,cuckiS,,
TIMUCUA-20-1,http://asjp.clld.org/languages/TIMUCUA,20,TIMUCUA,Culufi,,
ALABAMA-20-1,http://asjp.clld.org/languages/ALABAMA,20,ALABAMA,fosi,,
CHICKASAW-20-1,http://asjp.clld.org/languages/CHICKASAW,20,CHICKASAW,foSi7,,
CHOCTAW-20-1,http://asjp.clld.org/languages/CHOCTAW,20,CHOCTAW,hoSi,,
CREEK-20-1,http://asjp.clld.org/languages/CREEK,20,CREEK,foswa,,
KOASATI-20-1,http://asjp.clld.org/languages/KOASATI,20,KOASATI,fosi,,
MIKASUKI-20-1,http://asjp.clld.org/languages/MIKASUKI,20,MIKASUKI,fosi,,
ARIKARA-20-1,http://asjp.clld.org/languages/ARIKARA,20,ARIKARA,nikus,,
WICHITA-20-1,http://asjp.clld.org/languages/WICHITA,20,WICHITA,ich~iri,,
HIDATSA-20-1,http://asjp.clld.org/languages/HIDATSA,20,HIDATSA,cakaka,,
LAKHOTA-20-1,http://asjp.clld.org/languages/LAKHOTA,20,LAKHOTA,zi*tkala,,
ZUNI-20-1,http://asjp.clld.org/languages/ZUNI,20,ZUNI,"wo7 c""ana",,
TETELCINGO_NAHUATL-20-1,http://asjp.clld.org/languages/TETELCINGO_NAHUATL,20,TETELCINGO_NAHUATL,tutu,,
MAYO-20-1,http://asjp.clld.org/languages/MAYO,20,MAYO,wikit,,
COMANCHE-20-1,http://asjp.clld.org/languages/COMANCHE,20,COMANCHE,hucu,,
BELLA_COOLA-20-1,http://asjp.clld.org/languages/BELLA_COOLA,20,BELLA_COOLA,ciccip,,
CLALLAM-20-1,http://asjp.clld.org/languages/CLALLAM,20,CLALLAM,"c""3c""3m",,
LUSHOOTSEED-20-1,http://asjp.clld.org/languages/LUSHOOTSEED,20,LUSHOOTSEED,"sL""iL""alqab",,
NOOKSACK-20-1,http://asjp.clld.org/languages/NOOKSACK,20,NOOKSACK,memo7oqw~,,
SAANICH-20-1,http://asjp.clld.org/languages/SAANICH,20,SAANICH,"t""8~it""8~3t""8~3m",,
SAMISH-20-1,http://asjp.clld.org/languages/SAMISH,20,SAMISH,"c""ic""ec""3m""",,
SAMISH-20-2,http://asjp.clld.org/languages/SAMISH,20,SAMISH,"8""i8""38""3m""",,
SECHELT-20-1,http://asjp.clld.org/languages/SECHELT,20,SECHELT,"sq""w~alaS",,
SLIAMMON-20-1,http://asjp.clld.org/languages/SLIAMMON,20,SLIAMMON,"t""it""ist""is",,
STOLO-20-1,http://asjp.clld.org/languages/STOLO,20,STOLO,moqw~,,
COEUR_DALENE-20-1,http://asjp.clld.org/languages/COEUR_DALENE,20,COEUR_DALENE,"el""l""il""et",,
COLUMBIA_WENATCHI-20-1,http://asjp.clld.org/languages/COLUMBIA_WENATCHI,20,COLUMBIA_WENATCHI,skkaka7,,
LILLOOET-20-1,http://asjp.clld.org/languages/LILLOOET,20,LILLOOET,spzuza7,,
MONTANA_SALISH-20-1,http://asjp.clld.org/languages/MONTANA_SALISH,20,MONTANA_SALISH,"Lxw~ey""uL",,
OKANAGAN_COLVILLE-20-1,http://asjp.clld.org/languages/OKANAGAN_COLVILLE,20,OKANAGAN_COLVILLE,skk7aka7,,
OKANAGAN_COLVILLE-20-2,http://asjp.clld.org/languages/OKANAGAN_COLVILLE,20,OKANAGAN_COLVILLE,"ccam""at",,
SHUSWAP-20-1,http://asjp.clld.org/languages/SHUSWAP,20,SHUSWAP,spyu7,,
SPOKANE-20-1,http://asjp.clld.org/languages/SPOKANE,20,SPOKANE,"xw~ixw~ey""uL",,
THOMPSON-20-1,http://asjp.clld.org/languages/THOMPSON,20,THOMPSON,pzu7,,
TILLAMOOK-20-1,http://asjp.clld.org/languages/TILLAMOOK,20,TILLAMOOK,"skw~ugw~3xw~k""w~",,
CHEHALIS_UPPER-20-1,http://asjp.clld.org/languages/CHEHALIS_UPPER,20,CHEHALIS_UPPER,pepsayu7,,
COWLITZ-20-1,http://asjp.clld.org/languages/COWLITZ,20,COWLITZ,pesa7,,
QUINAULT-20-1,http://asjp.clld.org/languages/QUINAULT,20,QUINAULT,mayko7,,
KLAMATH-20-1,http://asjp.clld.org/languages/KLAMATH,20,KLAMATH,"C""ik""",,
NE_MAIDU-20-1,http://asjp.clld.org/languages/NE_MAIDU,20,NE_MAIDU,"k""utt""3t""3",,
S_SIERRA_MIWOK-20-1,http://asjp.clld.org/languages/S_SIERRA_MIWOK,20,S_SIERRA_MIWOK,CiCka,,
NEZ_PERCE-20-1,http://asjp.clld.org/languages/NEZ_PERCE,20,NEZ_PERCE,payopayo,,
COCHIMI-20-1,http://asjp.clld.org/languages/COCHIMI,20,COCHIMI,Ca,,
DIEGUENO-20-1,http://asjp.clld.org/languages/DIEGUENO,20,DIEGUENO,aSa,,
YAVAPAI-20-1,http://asjp.clld.org/languages/YAVAPAI,20,YAVAPAI,CSa,,
LEALAO_CHINANTEC-20-1,http://asjp.clld.org/languages/LEALAO_CHINANTEC,20,LEALAO_CHINANTEC,ta,,
YOSONDUA_MIXTEC-20-1,http://asjp.clld.org/languages/YOSONDUA_MIXTEC,20,YOSONDUA_MIXTEC,sa,,
TARASCAN-20-1,http://asjp.clld.org/languages/TARASCAN,20,TARASCAN,kw~ini,,
PAPANTLA_TOTONAC-20-1,http://asjp.clld.org/languages/PAPANTLA_TOTONAC,20,PAPANTLA_TOTONAC,spitu,,
TEPEHUA_TLACHICHILCO-20-1,http://asjp.clld.org/languages/TEPEHUA_TLACHICHILCO,20,TEPEHUA_TLACHICHILCO,"c""o7o",,
TOTONAC_COATEPEC-20-1,http://asjp.clld.org/languages/TOTONAC_COATEPEC,20,TOTONAC_COATEPEC,pun,,
TOTONAC_COYUTLA-20-1,http://asjp.clld.org/languages/TOTONAC_COYUTLA,20,TOTONAC_COYUTLA,spun,,
TOTONAC_FILOMENA_MATA-20-1,http://asjp.clld.org/languages/TOTONAC_FILOMENA_MATA,20,TOTONAC_FILOMENA_MATA,spun,,
TOTONAC_HIGHLAND-20-1,http://asjp.clld.org/languages/TOTONAC_HIGHLAND,20,TOTONAC_HIGHLAND,spun,,
TOTONAC_MISANTLA-20-1,http://asjp.clld.org/languages/TOTONAC_MISANTLA,20,TOTONAC_MISANTLA,qataspun,,
TOTONAC_UPPER_NEXACA-20-1,http://asjp.clld.org/languages/TOTONAC_UPPER_NEXACA,20,TOTONAC_UPPER_NEXACA,spun,,
XICOTEPEC_TOTONAC-20-1,http://asjp.clld.org/languages/XICOTEPEC_TOTONAC,20,XICOTEPEC_TOTONAC,spun,,
HIGHLAND_TEQUISTLATEC-20-1,http://asjp.clld.org/languages/HIGHLAND_TEQUISTLATEC,20,HIGHLAND_TEQUISTLATEC,ga,,
AYUTLA_MIXE-20-1,http://asjp.clld.org/languages/AYUTLA_MIXE,20,AYUTLA_MIXE,hon,,
CHIAPAS_ZOQUE-20-1,http://asjp.clld.org/languages/CHIAPAS_ZOQUE,20,CHIAPAS_ZOQUE,paloma,,
LOWLAND_MIXE-20-1,http://asjp.clld.org/languages/LOWLAND_MIXE,20,LOWLAND_MIXE,hon,,
MARIA_CHIMALAPA-20-1,http://asjp.clld.org/languages/MARIA_CHIMALAPA,20,MARIA_CHIMALAPA,hon,,
MIGUEL_CHIMALAPA-20-1,http://asjp.clld.org/languages/MIGUEL_CHIMALAPA,20,MIGUEL_CHIMALAPA,hon,,
NORTH_HIGHLAND_MIXE-20-1,http://asjp.clld.org/languages/NORTH_HIGHLAND_MIXE,20,NORTH_HIGHLAND_MIXE,h3yva,,
OLUTA_POPOLUCA-20-1,http://asjp.clld.org/languages/OLUTA_POPOLUCA,20,OLUTA_POPOLUCA,muSi,,
SOUTH_HIGHLAND_MIXE-20-1,http://asjp.clld.org/languages/SOUTH_HIGHLAND_MIXE,20,SOUTH_HIGHLAND_MIXE,hon,,
SAYULA_POPOLUCA-20-1,http://asjp.clld.org/languages/SAYULA_POPOLUCA,20,SAYULA_POPOLUCA,hon,,
SOTEAPAN_ZOQUE-20-1,http://asjp.clld.org/languages/SOTEAPAN_ZOQUE,20,SOTEAPAN_ZOQUE,hon,,
TAPACHULTEC-20-1,http://asjp.clld.org/languages/TAPACHULTEC,20,TAPACHULTEC,pawova,,
TEXISTEPEC_ZOQUE-20-1,http://asjp.clld.org/languages/TEXISTEPEC_ZOQUE,20,TEXISTEPEC_ZOQUE,hon,,
ZOQUE_FRANCISCO_LEON-20-1,http://asjp.clld.org/languages/ZOQUE_FRANCISCO_LEON,20,ZOQUE_FRANCISCO_LEON,paloma,,
ZOQUE_RAYON-20-1,http://asjp.clld.org/languages/ZOQUE_RAYON,20,ZOQUE_RAYON,hot,,
HUAVE-20-1,http://asjp.clld.org/languages/HUAVE,20,HUAVE,kiek,,
ACATECO_SAN_MIGUEL_ACATAN-20-1,http://asjp.clld.org/languages/ACATECO_SAN_MIGUEL_ACATAN,20,ACATECO_SAN_MIGUEL_ACATAN,"c""ikin",,
AGUACATEC-20-1,http://asjp.clld.org/languages/AGUACATEC,20,AGUACATEC,"C""ul",,
AGUACATECO_AGUACATAN-20-1,http://asjp.clld.org/languages/AGUACATECO_AGUACATAN,20,AGUACATECO_AGUACATAN,"C""ut",,
CENTRAL_QUICHE-20-1,http://asjp.clld.org/languages/CENTRAL_QUICHE,20,CENTRAL_QUICHE,"c""ikin",,
CENTRAL_QUICHE_SANTA_MARIA_CHIQUIMULA-20-1,http://asjp.clld.org/languages/CENTRAL_QUICHE_SANTA_MARIA_CHIQUIMULA,20,CENTRAL_QUICHE_SANTA_MARIA_CHIQUIMULA,"c""ikop",,
CHOLTI-20-1,http://asjp.clld.org/languages/CHOLTI,20,CHOLTI,CiCil,,
CHOL_TUMBALA-20-1,http://asjp.clld.org/languages/CHOL_TUMBALA,20,CHOL_TUMBALA,mut,,
CHONTAL_TABASCO-20-1,http://asjp.clld.org/languages/CHONTAL_TABASCO,20,CHONTAL_TABASCO,mut,,
CHORTI-20-1,http://asjp.clld.org/languages/CHORTI,20,CHORTI,mut,,
CHORTI_JOCOTAN-20-1,http://asjp.clld.org/languages/CHORTI_JOCOTAN,20,CHORTI_JOCOTAN,mut,,
CHUJ-20-1,http://asjp.clld.org/languages/CHUJ,20,CHUJ,"C""ik",,
CHUJ_SAN_MATEO_IXTATAN-20-1,http://asjp.clld.org/languages/CHUJ_SAN_MATEO_IXTATAN,20,CHUJ_SAN_MATEO_IXTATAN,muC,,
EASTERN_KEKCHI_CAHABON-20-1,http://asjp.clld.org/languages/EASTERN_KEKCHI_CAHABON,20,EASTERN_KEKCHI_CAHABON,"c""ik",,
EASTERN_QUICHE_RABINAL-20-1,http://asjp.clld.org/languages/EASTERN_QUICHE_RABINAL,20,EASTERN_QUICHE_RABINAL,"c""ikin",,
HUASTEC-20-1,http://asjp.clld.org/languages/HUASTEC,20,HUASTEC,"c""icin",,
ITZAJ-20-1,http://asjp.clld.org/languages/ITZAJ,20,ITZAJ,"C""iC""",,
IXIL_CHAJUL-20-1,http://asjp.clld.org/languages/IXIL_CHAJUL,20,IXIL_CHAJUL,"c""iTin",,
JACALTEC-20-1,http://asjp.clld.org/languages/JACALTEC,20,JACALTEC,"C""ik",,
JACALTECO_WESTERN-20-1,http://asjp.clld.org/languages/JACALTECO_WESTERN,20,JACALTECO_WESTERN,"c""ik",,
KEKCHI-20-1,http://asjp.clld.org/languages/KEKCHI,20,KEKCHI,"c""ik",,
LACANDON-20-1,http://asjp.clld.org/languages/LACANDON,20,LACANDON,"C""iC",,
MAM_NORTHERN-20-1,http://asjp.clld.org/languages/MAM_NORTHERN,20,MAM_NORTHERN,"C""it",,
MAYA_YUCATAN-20-1,http://asjp.clld.org/languages/MAYA_YUCATAN,20,MAYA_YUCATAN,"C""iC""",,
MOPAN-20-1,http://asjp.clld.org/languages/MOPAN,20,MOPAN,"C""iC""",,
MOPAN_SAN_LUIS_PETEN-20-1,http://asjp.clld.org/languages/MOPAN_SAN_LUIS_PETEN,20,MOPAN_SAN_LUIS_PETEN,"c""iC""",,
NORTHERN_CAKCHIQUEL_SAN_MARTIN_JILOTEPEQUE-20-1,http://asjp.clld.org/languages/NORTHERN_CAKCHIQUEL_SAN_MARTIN_JILOTEPEQUE,20,NORTHERN_CAKCHIQUEL_SAN_MARTIN_JILOTEPEQUE,"c""ikin",,
NORTHERN_CAKCHIQUEL_TECPAN-20-1,http://asjp.clld.org/languages/NORTHERN_CAKCHIQUEL_TECPAN,20,NORTHERN_CAKCHIQUEL_TECPAN,"c""ikin",,
NORTHERN_MAM_SAN_ILDEFONSO_IXTAHUACAN-20-1,http://asjp.clld.org/languages/NORTHERN_MAM_SAN_ILDEFONSO_IXTAHUACAN,20,NORTHERN_MAM_SAN_ILDEFONSO_IXTAHUACAN,"C""it",,
POCOMAM_EASTERN-20-1,http://asjp.clld.org/languages/POCOMAM_EASTERN,20,POCOMAM_EASTERN,Cikop,,
POCOMAM_SAN_LUIS_JILOTEPEQUE-20-1,http://asjp.clld.org/languages/POCOMAM_SAN_LUIS_JILOTEPEQUE,20,POCOMAM_SAN_LUIS_JILOTEPEQUE,Cikop,,
POQOMCHI_WESTERN-20-1,http://asjp.clld.org/languages/POQOMCHI_WESTERN,20,POQOMCHI_WESTERN,"c""ikin",,
QANJOBAL_SANTA_EULALIA-20-1,http://asjp.clld.org/languages/QANJOBAL_SANTA_EULALIA,20,QANJOBAL_SANTA_EULALIA,"c""ikin",,
QANJOBAL_SANTA_EULALIA-20-2,http://asjp.clld.org/languages/QANJOBAL_SANTA_EULALIA,20,QANJOBAL_SANTA_EULALIA,"saxb""en",,
SACAPULTECO_SACAPULAS_CENTRO-20-1,http://asjp.clld.org/languages/SACAPULTECO_SACAPULAS_CENTRO,20,SACAPULTECO_SACAPULAS_CENTRO,"c""ikin",,
SIPAKAPENSE-20-1,http://asjp.clld.org/languages/SIPAKAPENSE,20,SIPAKAPENSE,"k""y~eq Ckop",,
SOUTHERN_CAKCHIQUEL_SAN_ANDRES_ITZAPA-20-1,http://asjp.clld.org/languages/SOUTHERN_CAKCHIQUEL_SAN_ANDRES_ITZAPA,20,SOUTHERN_CAKCHIQUEL_SAN_ANDRES_ITZAPA,"c""kin",,
SOUTHERN_MAM_SAN_JUAN_OSTUNCALCO-20-1,http://asjp.clld.org/languages/SOUTHERN_MAM_SAN_JUAN_OSTUNCALCO,20,SOUTHERN_MAM_SAN_JUAN_OSTUNCALCO,"pic""",,
TECO_TECTITAN-20-1,http://asjp.clld.org/languages/TECO_TECTITAN,20,TECO_TECTITAN,"pic""",,
TOJOLABAL-20-1,http://asjp.clld.org/languages/TOJOLABAL,20,TOJOLABAL,yalCan,,
TZELTAL_BACHAJON-20-1,http://asjp.clld.org/languages/TZELTAL_BACHAJON,20,TZELTAL_BACHAJON,mut,,
TZUTUJIL_SAN_JUAN_LA_LAGUNA-20-1,http://asjp.clld.org/languages/TZUTUJIL_SAN_JUAN_LA_LAGUNA,20,TZUTUJIL_SAN_JUAN_LA_LAGUNA,"c""ikin",,
TZUTUJIL_SANTIAGO_ATITLAN-20-1,http://asjp.clld.org/languages/TZUTUJIL_SANTIAGO_ATITLAN,20,TZUTUJIL_SANTIAGO_ATITLAN,"c""kin",,
USPANTEKO-20-1,http://asjp.clld.org/languages/USPANTEKO,20,USPANTEKO,"c""ikin",,
WESTERN_CAKCHIQUEL_PATZUN-20-1,http://asjp.clld.org/languages/WESTERN_CAKCHIQUEL_PATZUN,20,WESTERN_CAKCHIQUEL_PATZUN,"c""kin",,
WESTERN_CAKCHIQUEL_PATZUN-20-2,http://asjp.clld.org/languages/WESTERN_CAKCHIQUEL_PATZUN,20,WESTERN_CAKCHIQUEL_PATZUN,Ckop,,
WESTERN_KEKCHI_SAN_JUAN_CHAMELCO-20-1,http://asjp.clld.org/languages/WESTERN_KEKCHI_SAN_JUAN_CHAMELCO,20,WESTERN_KEKCHI_SAN_JUAN_CHAMELCO,"c""ik",,
WESTERN_POCOMAM_SAN_CRISTOBAL_VERAPAZ-20-1,http://asjp.clld.org/languages/WESTERN_POCOMAM_SAN_CRISTOBAL_VERAPAZ,20,WESTERN_POCOMAM_SAN_CRISTOBAL_VERAPAZ,"c""ikin",,
WESTERN_QUICHE_MOMOSTENANGO-20-1,http://asjp.clld.org/languages/WESTERN_QUICHE_MOMOSTENANGO,20,WESTERN_QUICHE_MOMOSTENANGO,"C""ikop",,
WESTERN_QUICHE_SANTA_CATARINA_IXTAHUACAN-20-1,http://asjp.clld.org/languages/WESTERN_QUICHE_SANTA_CATARINA_IXTAHUACAN,20,WESTERN_QUICHE_SANTA_CATARINA_IXTAHUACAN,"c""ikin",,
WESTERN_QUICHE_TOTONICAPAN-20-1,http://asjp.clld.org/languages/WESTERN_QUICHE_TOTONICAPAN,20,WESTERN_QUICHE_TOTONICAPAN,"c""ikin",,
ZINACANTAN_TZOTZIL-20-1,http://asjp.clld.org/languages/ZINACANTAN_TZOTZIL,20,ZINACANTAN_TZOTZIL,mut,,
JICAQUE-20-1,http://asjp.clld.org/languages/JICAQUE,20,JICAQUE,cipyaya,,
IKA-20-1,http://asjp.clld.org/languages/IKA,20,IKA,sisio,,
RAMA-20-1,http://asjp.clld.org/languages/RAMA,20,RAMA,ikiN,,
RAMA-20-2,http://asjp.clld.org/languages/RAMA,20,RAMA,sinsak,,
CATIO-20-1,http://asjp.clld.org/languages/CATIO,20,CATIO,i*bana,,
EMBERA_CHAMI-20-1,http://asjp.clld.org/languages/EMBERA_CHAMI,20,EMBERA_CHAMI,ibana,,
WOUNAAN-20-1,http://asjp.clld.org/languages/WOUNAAN,20,WOUNAAN,iCpan,,
PAEZ-20-1,http://asjp.clld.org/languages/PAEZ,20,PAEZ,viCakw~e,,
AWA_PIT-20-1,http://asjp.clld.org/languages/AWA_PIT,20,AWA_PIT,CiCu,,
CAYAPA-20-1,http://asjp.clld.org/languages/CAYAPA,20,CAYAPA,piSku,,
COLORADO-20-1,http://asjp.clld.org/languages/COLORADO,20,COLORADO,picu,,
GUAMBIANO-20-1,http://asjp.clld.org/languages/GUAMBIANO,20,GUAMBIANO,ily~i*,,
TOTORO-20-1,http://asjp.clld.org/languages/TOTORO,20,TOTORO,ily~i,,
SALIBA_COLUMBIA-20-1,http://asjp.clld.org/languages/SALIBA_COLUMBIA,20,SALIBA_COLUMBIA,5ide,,
PUINAVE-20-1,http://asjp.clld.org/languages/PUINAVE,20,PUINAVE,wip,,
PUINAVE-20-2,http://asjp.clld.org/languages/PUINAVE,20,PUINAVE,hom,,
BARASANO-20-1,http://asjp.clld.org/languages/BARASANO,20,BARASANO,bidi,,
CUBEO-20-1,http://asjp.clld.org/languages/CUBEO,20,CUBEO,bihik3,,
CUBEO-20-2,http://asjp.clld.org/languages/CUBEO,20,CUBEO,bihido,,
KAKUA-20-1,http://asjp.clld.org/languages/KAKUA,20,KAKUA,febe7,,
NUKAK-20-1,http://asjp.clld.org/languages/NUKAK,20,NUKAK,n3y3putu,,
MIRANA-20-1,http://asjp.clld.org/languages/MIRANA,20,MIRANA,37m3kw~a,,
MUINANE-20-1,http://asjp.clld.org/languages/MUINANE,20,MUINANE,xo3,,
HUITOTO_MINICA-20-1,http://asjp.clld.org/languages/HUITOTO_MINICA,20,HUITOTO_MINICA,ofokui5o,,
HUITOTO_MURUI-20-1,http://asjp.clld.org/languages/HUITOTO_MURUI,20,HUITOTO_MURUI,ofoma,,
HUITOTO_MURUI-20-2,http://asjp.clld.org/languages/HUITOTO_MURUI,20,HUITOTO_MURUI,Cofa,,
HUITOTO_NIPODE-20-1,http://asjp.clld.org/languages/HUITOTO_NIPODE,20,HUITOTO_NIPODE,iguiZukou,,
OCAINA-20-1,http://asjp.clld.org/languages/OCAINA,20,OCAINA,afocoyi,,
OCAINA-20-2,http://asjp.clld.org/languages/OCAINA,20,OCAINA,dy~a7ita,,
WARAO-20-1,http://asjp.clld.org/languages/WARAO,20,WARAO,domu,,
SANUMA-20-1,http://asjp.clld.org/languages/SANUMA,20,SANUMA,salo,,
AGUARUNA-20-1,http://asjp.clld.org/languages/AGUARUNA,20,AGUARUNA,Cinki,,
QUECHUA_PASTAZA-20-1,http://asjp.clld.org/languages/QUECHUA_PASTAZA,20,QUECHUA_PASTAZA,piSku,,
JUPDA-20-1,http://asjp.clld.org/languages/JUPDA,20,JUPDA,hu*tE*h,,
NADEB-20-1,http://asjp.clld.org/languages/NADEB,20,NADEB,tawod,,
AIKANA-20-1,http://asjp.clld.org/languages/AIKANA,20,AIKANA,pijamami*j,,
APURINA-20-1,http://asjp.clld.org/languages/APURINA,20,APURINA,kot3perek3,,
RESIGARO-20-1,http://asjp.clld.org/languages/RESIGARO,20,RESIGARO,kopiidu,,
HIXKARYANA-20-1,http://asjp.clld.org/languages/HIXKARYANA,20,HIXKARYANA,torono,,
GUARANI-20-1,http://asjp.clld.org/languages/GUARANI,20,GUARANI,guyra,,
PARAKANA-20-1,http://asjp.clld.org/languages/PARAKANA,20,PARAKANA,w3ra,,
URUBU_KAAPOR-20-1,http://asjp.clld.org/languages/URUBU_KAAPOR,20,URUBU_KAAPOR,w3ra,,
BORORO-20-1,http://asjp.clld.org/languages/BORORO,20,BORORO,kiogo,,
APINAYE-20-1,http://asjp.clld.org/languages/APINAYE,20,APINAYE,kuwe5,,
XAVANTE-20-1,http://asjp.clld.org/languages/XAVANTE,20,XAVANTE,ci,,
TRUMAI-20-1,http://asjp.clld.org/languages/TRUMAI,20,TRUMAI,hura7i,,
NAMBIKWARA-20-1,http://asjp.clld.org/languages/NAMBIKWARA,20,NAMBIKWARA,aiki,,
PIRAHA-20-1,http://asjp.clld.org/languages/PIRAHA,20,PIRAHA,pibigi,,
PAUMARI-20-1,http://asjp.clld.org/languages/PAUMARI,20,PAUMARI,igith~a raboki,,
CAVINENA_1-20-1,http://asjp.clld.org/languages/CAVINENA_1,20,CAVINENA_1,chai,,
ESE_EJJA-20-1,http://asjp.clld.org/languages/ESE_EJJA,20,ESE_EJJA,ano wiwi,,
TACANA-20-1,http://asjp.clld.org/languages/TACANA,20,TACANA,jia,,
MOVIMA-20-1,http://asjp.clld.org/languages/MOVIMA,20,MOVIMA,home,,
ABIPON-20-1,http://asjp.clld.org/languages/ABIPON,20,ABIPON,eteg,,
ABIPON-20-2,http://asjp.clld.org/languages/ABIPON,20,ABIPON,kata,,
KADIWEU-20-1,http://asjp.clld.org/languages/KADIWEU,20,KADIWEU,ilaxagi,,
MAPUDUNGUN-20-1,http://asjp.clld.org/languages/MAPUDUNGUN,20,MAPUDUNGUN,35n3m,,
